,storm_speed,srh,srh_left,srh_right,bulk_shear,tornado,ef_rating,cape,cin
0,10.6,,,,9.555146223192885,0,,1896.9479284141883,0.0
1,16.4,,,,16.791804178259316,1,0.0,772.2450402336385,-111.63775337237581
2,17.1,,,,7.232977067879642,0,,1019.8554287919186,-22.429126915396033
3,20.3,,,,16.36373608270817,0,,1186.2904169111123,-113.76694918658893
4,4.9,,,,4.036087214122113,1,0.0,0.0,0.0
5,3.0,,,,,0,,717.2111018796913,-40.74180513272721
6,3.0,,,,12.328565852081228,0,,2944.297573277441,-72.9770736153276
7,1.9,,,,7.053647823547733,0,,1933.1514330706152,0.0
8,2.1,,,,,0,,190.92099293263198,-38.21207464422606
9,8.1,,,,5.752726667079158,1,1.0,0.0,0.0
10,4.6,,,,13.349899896584223,1,1.0,2857.3671232754223,-14.252051623909413
11,8.8,,,,,1,0.0,0.0,0.0
12,8.5,,,,7.784750007017787,1,0.0,2028.8226150244368,-40.81656258095299
13,8.5,,,,6.095623135709308,1,0.0,240.4088574359377,-3.2959127380804736
14,7.6,,,,10.317666208042434,1,0.0,933.0591382124203,-67.34288536683137
15,9.8,,,,,1,0.0,1242.8936723069967,-103.58934910392546
16,8.3,,,,10.01868199483105,1,0.0,302.95571808182154,-557.187521031553
17,4.9,,,,5.821101151812691,0,,1853.0097290045214,-80.315890685002
18,5.8,,,,12.029372187583737,0,,0.025024714445285753,-158.41693809235517
19,13.6,,,,,0,,9.647987257717787,-83.58733147882975
20,12.9,,,,9.0873469007206,0,,2325.001446168952,-98.09471039742576
21,16.3,,,,3.1830859601255503,0,,1795.3584126552266,0.0
22,15.7,,,,,0,,1050.29377761837,-117.93989172615248
23,21.2,,,,,0,,423.63178826888844,-34.554533981140075
24,13.2,,,,5.193780077604401,1,1.0,1210.6057955503397,-122.45696874324835
25,11.3,,,,,1,1.0,0.0,0.0
26,8.3,,,,8.400863338254506,1,1.0,517.3610515094459,-266.7826757680299
27,17.7,,,,8.132511794859774,0,,3.183022897409536,-196.44217117245412
28,17.8,,,,,0,,294.0817886898889,-25.69708491390679
29,13.1,,,,,0,,8.177500807211844,-18.240695220260342
30,13.1,,,,4.6841990939120155,0,,65.6595627466468,-35.2691550069766
31,7.9,,,,2.6283870279824373,0,,1100.2088737215747,0.0
32,4.1,,,,2.083078155265942,0,,696.9155707169581,0.0
33,4.7,,,,4.6224602632426235,0,,970.5207622922545,0.0
34,4.0,,,,7.465346711577599,0,,244.90107020727362,-16.765384002664454
35,4.0,,,,3.0413812651491092,0,,0.749098908814389,0.0
36,7.2,,,,3.5328964311414452,0,,724.8495221985793,-23.599202409412456
37,2.4,,,,7.018273554456495,0,,1283.5740215533328,0.0
38,4.8,,,,2.086173903470045,0,,413.8904026250424,-16.393037748833716
39,2.3,,,,,0,,636.9787645357853,-8.250504005020439
40,3.9,,,,2.662572738368216,0,,838.5967861256757,0.0
41,3.7,,,,,0,,587.587623646009,0.0
42,3.8,,,,4.529590827568231,0,,391.74300072673697,-8.663234503249722
43,1.2,,,,,0,,0.0,0.0
44,1.6,,,,,0,,2.940222868934517,0.0
45,7.2,,,,10.116299140304646,1,0.0,1250.472123639881,-11.090897973813846
46,8.3,,,,3.981671323349955,1,0.0,1252.9418814732653,-68.89165194125695
47,12.3,,,,,1,0.0,10.276258338220957,-18.790960075905044
48,9.7,,,,,0,,2992.6875625380035,-39.11238360944377
49,11.2,,,,2.8866272668689255,0,,3245.4969257243583,-43.816090258883754
50,11.7,,,,3.218125287832667,1,3.0,184.89306425740006,0.0
51,11.0,,,,15.197461986705889,0,,1991.9302940680927,-54.38082266146264
52,13.3,,,,3.346204087366664,0,,2957.4752376407023,-93.67047742638434
53,15.3,,,,4.166198642867639,0,,2542.1040219068955,-61.160191183549614
54,13.3,,,,4.763382372000462,0,,153.24604029269597,-172.14684836338955
55,16.2,,,,5.010529559787263,0,,3768.3788691951745,-218.71335244377113
56,13.2,,,,7.361212530910077,1,0.0,181.06993872914006,-193.4620787745614
57,13.5,,,,6.938424938356923,0,,45.67012367085912,-336.5807908740395
58,15.8,,,,7.008714563478743,1,1.0,1267.2653984031333,0.0
59,15.0,,,,4.506554036625458,1,1.0,0.0,0.0
60,10.6,,,,6.8957580681029755,0,,1714.24140835825,-15.254832121431956
61,12.6,,,,10.681388239344011,0,,17.03595886247609,-353.76319485365065
62,13.8,,,,7.10605259184824,0,,1398.33343984092,-0.8684752315002541
63,15.0,,,,,0,,536.7929677704982,-279.42258023459084
64,15.4,,,,8.602476226658753,0,,2016.8295799875216,-8.868547637622022
65,21.5,,,,16.55593841335917,0,,0.0,0.0
66,17.9,,,,19.529321179587978,1,2.0,612.09728844008,-292.29838412815604
67,19.0,,,,7.889893248766588,1,2.0,1282.8032031788157,-10.071345770979061
68,19.0,,,,,1,2.0,25.869329710992357,0.0
69,19.5,,,,19.133982321810286,1,2.0,2577.2953203430507,-9.636883727702408
70,16.1,,,,18.291355542908637,1,0.0,1371.7909710933682,-16.044138527768087
71,15.6,,,,23.50451406684429,1,0.0,1179.017417691272,-15.50130426900419
72,10.8,,,,1.3524100367732035,0,,1969.1569562574707,-18.811106605976676
73,9.1,,,,,0,,0.0,0.0
74,13.3,,,,,0,,1241.1867629168212,-123.4023212338637
75,8.1,,,,6.015415641240164,0,,429.6352998397834,-26.69875920597934
76,13.2,,,,3.0400809950043635,0,,135.34464199299066,-22.3991406191297
77,13.4,,,,8.683761832435934,0,,238.27278964576493,-0.9711203215637905
78,14.2,,,,13.199755390339607,0,,2242.6533379277093,0.0
79,19.0,,,,12.656294647698912,1,3.0,3428.9290466259026,-4.006169948346734
80,14.6,,,,9.063798923620176,1,0.0,351.5468465552285,-2.689104772442131
81,16.1,,,,,1,0.0,92.27792095692674,-9.376496899796454
82,10.9,,,,13.40055120641468,0,,2273.968109896796,0.0
83,21.9,,,,7.674113193427297,1,0.0,1977.630560699296,-8.039789027227354
84,21.6,,,,9.769557843809135,0,,2329.949081198751,-48.12297631381376
85,21.6,,,,,0,,202.27731246488614,0.0
86,21.6,,,,14.616004928041102,0,,991.5770196627316,-13.130639511870578
87,15.3,,,,,1,1.0,0.0,0.0
88,16.4,,,,25.043429596052306,1,1.0,1313.8907076049761,-19.735408921915752
89,16.7,,,,17.7473972242295,1,1.0,18.84936528328404,-11.192813057900299
90,16.3,,,,23.34267828694892,0,,1330.3074133243226,-127.38375096870635
91,18.9,,,,,1,0.0,2.5361582037772457,-79.4932868719119
92,18.9,,,,12.986531484580476,1,0.0,0.0,0.0
93,18.6,,,,9.146828295993496,1,0.0,0.0,0.0
94,11.8,,,,26.490423949577202,1,0.0,129.46116313904,-112.74620907034607
95,17.2,,,,3.4234609338779927,1,3.0,4189.608747087624,0.0
96,10.7,,,,3.377206634222912,1,0.0,2595.603578928691,-81.44656425565113
97,10.6,,,,12.365338268184878,1,3.0,16.63407608454272,-47.58417908226688
98,10.6,,,,,1,3.0,18.15847446843552,-70.92478539395277
99,9.6,,,,6.898472840144591,1,3.0,101.71117707266176,-17.891533626466888
100,9.6,,,,9.077055899135276,1,3.0,50.71969637308015,-80.59378221882358
101,13.1,,,,16.90550885638454,1,3.0,431.3787794778428,-325.1925349714696
102,18.7,,,,12.289540678365489,0,,2624.8072393698867,0.0
103,18.2,,,,,0,,191.0544611126475,-10.857555883135255
104,14.2,,,,20.710091738126295,0,,-60.5207975645806,-202.58925542132712
105,17.7,,,,12.739309243440163,0,,0.0,0.0
106,9.1,,,,14.580089209952222,0,,0.0,0.0
107,6.4,,,,,1,1.0,0.0,0.0
108,14.7,,,,5.789986371353659,1,0.0,0.0,0.0
109,13.2,,,,9.583513299335246,1,0.0,338.9072191321794,-35.66305719101596
110,7.5,,,,6.099244694454047,0,,2749.195156492234,-31.65203145549145
111,5.2,,,,10.312588249052837,0,,0.0,0.0
112,8.3,,,,,0,,195.2062641988034,-61.57438653475412
113,8.3,,,,,0,,125.36439907006233,-53.91712530959049
114,9.3,,,,11.68471457660086,0,,108.62031551333696,-45.87045625505731
115,9.3,,,,,0,,0.0,0.0
116,9.8,,,,7.256769713815428,0,,0.0,0.0
117,8.7,,,,6.9167465701895035,0,,-4.912491158957852,0.0
118,8.1,,,,22.15045814367991,0,,1290.7722213005175,-125.88858773558951
119,8.1,,,,,0,,0.0,0.0
120,10.4,,,,11.158743166345554,0,,8.057405171499774,-18.15564324633147
121,10.9,,,,17.562395302727083,0,,1757.470508234475,-39.18982288880179
122,11.8,,,,,0,,0.0,0.0
123,11.4,,,,,0,,4.435457919138381,-157.19644350917073
124,11.4,,,,7.630926371769558,0,,0.0,0.0
125,11.0,,,,6.069188268754491,0,,0.0,0.0
126,11.0,,,,11.978602400481437,0,,2710.2586445080055,-49.96997576276143
127,11.1,,,,9.854732434907618,0,,982.7950165630664,-38.067624747732395
128,12.5,,,,12.037826140193562,0,,887.6929057692661,-324.8978721717859
129,5.8,,,,14.459336670329341,1,1.0,2538.383731611218,-3.6891275512410515
130,21.1,,,,16.400304875214974,1,3.0,1256.1258691574087,-101.9181858585304
131,5.1,,,,7.665507158694721,1,1.0,1862.5193757656052,0.0
132,14.6,,,,,1,3.0,0.0,0.0
133,13.0,,,,,1,3.0,0.0,0.0
134,6.3,,,,5.517245689653489,1,1.0,0.0,0.0
135,6.1,,,,13.280078970055985,1,1.0,1386.4088283284543,-150.4536694538759
136,8.1,,,,17.178232180399828,1,0.0,1474.114454529213,-157.51119263526084
137,6.6,,,,24.786020675099493,0,,567.3499821203407,-209.5314541316677
138,6.5,,,,8.352484605147678,0,,2606.1026754085483,-58.057036035673335
139,10.0,,,,13.086565846751602,0,,3455.478266406341,-69.18031522442705
140,7.6,,,,10.807854492410048,0,,4079.3593063868834,-8.517138391836065
141,8.5,,,,5.545181571966011,1,1.0,0.0,0.0
142,13.1,,,,14.576933391623845,0,,3114.7283982324334,0.0
143,13.0,,,,17.110434333856652,0,,491.1169285916263,0.0
144,11.4,,,,2.3888231742120367,1,0.0,0.0,0.0
145,11.0,,,,7.073040216422112,0,,0.0,0.0
146,13.7,,,,13.947377939330678,1,0.0,2563.859939382915,-39.85300531996963
147,9.3,,,,9.8402499483831,0,,2416.961761761364,-50.82317256700636
148,12.5,,,,9.840468580429741,0,,2430.235772662325,-37.05057620152525
149,12.6,,,,8.69441682730492,0,,610.6112129421032,-146.147619924989
150,8.1,,,,21.80705054432976,0,,1210.8036323225424,-176.7548269827102
151,7.9,,,,,0,,119.96230276475387,-0.28407226901139854
152,7.0,,,,3.416097527832973,0,,4819.317961855555,0.0
153,7.1,,,,3.4387890520559687,0,,4342.681927939817,0.0
154,7.1,,,,6.810023567667646,0,,651.388787308939,-266.4197518541635
155,8.3,,,,7.066008104758145,0,,4562.071888503842,-29.695142253198423
156,12.7,,,,,1,1.0,0.0,0.0
157,12.3,,,,,1,1.0,0.0,0.0
158,11.9,,,,,1,1.0,0.0,0.0
159,11.9,,,,5.10148987307355,1,1.0,0.0,0.0
160,11.9,,,,,1,1.0,145.66688974460993,-121.59547097583588
161,8.4,,,,7.536796388569447,1,4.0,2666.9016468019167,0.0
162,10.2,,,,,1,4.0,4600.784761876628,-19.354071640909993
163,11.1,,,,,1,4.0,2035.485119857877,-79.01436846312143
164,11.9,,,,,1,4.0,450.71888896214926,-9.557169087031975
165,14.2,,,,26.346880103746603,1,4.0,141.37227565782996,-10.876202368414443
166,17.0,,,,,1,4.0,1736.0994866201042,-53.5682292768589
167,21.2,,,,2.519314516872813,0,,641.643148011682,0.0
168,21.2,,,,2.9831239543687254,0,,1897.642595716889,0.0
169,12.4,,,,,1,1.0,1696.5384878377174,-72.7588937348863
170,12.0,,,,10.09220138215474,1,1.0,500.39409690619334,-76.4762283747966
171,12.0,,,,16.980393918382955,1,1.0,1063.1126869238235,-124.47215873946804
172,13.1,,,,9.50973397482772,0,,383.2972139345907,-75.84520655313646
173,17.9,,,,9.434459489041085,0,,0.0,0.0
174,17.9,,,,23.67909004052477,0,,0.0,0.0
175,17.9,,,,21.98904919633766,0,,652.6664401966963,-170.09162183976636
176,14.7,,,,0.6403124237432851,0,,2450.7722504212884,0.0
177,12.5,,,,3.4523124898705886,0,,2307.5559681511404,0.0
178,12.5,,,,3.579301011864518,0,,3393.0759186512323,0.0
179,12.8,,,,6.973576408151985,0,,2104.0643014277885,0.0
180,12.8,,,,9.801961808933944,0,,463.0375126701551,-181.85686625005835
181,13.3,,,,3.131215749275683,0,,76.24087730610312,-112.00569840247994
182,13.0,,,,12.079003574331546,0,,581.0331104298849,-40.604076791048755
183,18.2,,,,5.853446174589495,1,0.0,4821.660176777519,0.0
184,15.0,,,,18.50781671296333,0,,4454.296206623428,-41.42753968711558
185,9.2,,,,9.188778933751768,1,0.0,0.0,0.0
186,5.9,,,,5.141984052872976,0,,421.59837050957054,0.0
187,5.9,,,,4.244353947458593,0,,271.75469810712593,-15.057178847189023
188,5.1,,,,8.316850365372698,0,,185.76781298822246,0.0
189,4.7,,,,10.238176710302694,0,,0.0,0.0
190,4.7,,,,4.384174598324488,0,,314.9249180144699,0.0
191,4.7,,,,1.760063988749689,0,,305.2516463260621,0.0
192,4.7,,,,3.6493840432691953,0,,221.6165126740144,0.0
193,19.8,,,,6.881231044050662,1,0.0,324.7755953749457,-395.7328142535037
194,6.7,,,,6.637711982380065,1,0.0,2256.9641340975154,-30.48872815480812
195,6.3,,,,4.318564576337836,0,,2492.6547599045375,0.0
196,6.0,,,,4.816637831516917,0,,579.5654001098508,0.0
197,5.1,,,,6.966054552000591,0,,0.0,0.0
198,5.1,,,,2.8348615811022793,0,,77.229060599841,-280.56367916026056
199,5.1,,,,2.8678505399511955,0,,2822.0677319921137,0.0
200,5.0,,,,8.618160883708907,0,,166.47812059838282,-265.42519737725115
201,5.0,,,,8.601761636900697,0,,263.78526497112665,-172.02487069125513
202,5.3,,,,6.269042747442932,0,,0.0,0.0
203,5.3,,,,2.2886211832466636,0,,485.9710899936249,-19.559424252315118
204,6.2,,,,7.666751410963248,0,,474.66831661734324,-15.129172052050956
205,7.1,,,,5.453820065333941,0,,722.2433903484639,-79.80256435515209
206,14.9,,,,6.586657031465075,0,,851.738845840784,0.0
207,14.3,,,,9.506749527985605,0,,109.53482656463045,0.0
208,12.9,,,,1.686859619017029,0,,0.0,0.0
209,15.5,,,,18.214731183824494,0,,2405.876140211291,-10.687839896114246
210,10.4,,,,4.506514017546623,1,1.0,2886.2843012238495,-21.050731374647295
211,18.4,,,,10.849659999603372,0,,176.70764477429714,-22.161588279456005
212,19.6,,,,12.456763169552,0,,281.44861249859673,-68.87794074095022
213,20.2,,,,10.49232826206647,0,,184.27748190914494,-3.749601299242334
214,19.6,,,,10.432085697334715,0,,620.5641833717298,-34.05234419875321
215,19.5,,,,13.851197458876555,0,,305.12009112358726,-97.33937892246017
216,16.2,,,,13.219753956537051,0,,598.9435285392373,-30.424640772940528
217,22.4,,,,18.822290113347904,0,,57.92020698395809,-194.12632950884748
218,23.0,,,,26.937380171991915,1,1.0,891.3911540865099,-77.58753803738378
219,24.2,,,,,0,,65.24881414948075,-83.92517084600922
220,6.2,,,,5.646219147751633,1,0.0,2243.2654295181273,-133.107520636292
221,7.8,,,,15.584359318879805,1,0.0,2606.01254957969,-143.3353383760432
222,9.0,,,,14.588256581557149,1,0.0,2637.5962862324036,-114.78432298603897
223,7.5,,,,13.69507838066668,0,,3536.1155352851056,-73.77151631055975
224,8.9,,,,22.62940564840358,0,,2723.0927671104605,-99.17132128212961
225,9.8,,,,14.05918294251298,0,,3072.9548540507158,-82.28286977620104
226,10.9,,,,9.617692030835672,0,,1260.9346381789496,-401.5833232747706
227,6.3,,,,12.585755164582384,1,0.0,330.4956251644957,-607.2389696313041
228,6.8,,,,5.226612303761919,1,0.0,57.5388894428546,-668.144133678851
229,12.5,,,,19.49897355085244,1,0.0,2864.2335535948373,-200.4485713609352
230,14.8,,,,20.39186785418208,1,0.0,2535.707092064953,-151.5860902277155
231,14.8,,,,19.562052133380114,1,0.0,2804.715243448383,-118.09114639385919
232,9.2,,,,16.237436858561924,0,,2902.4404943129675,-47.52306074429739
233,19.2,,,,22.23152709735445,0,,3334.662499875887,-89.58886466633645
234,21.2,,,,26.744158240632665,0,,3545.7769068740063,-158.8664345124773
235,12.8,,,,12.434729442893493,0,,2550.2503647963435,-52.57781035268755
236,8.1,,,,14.482220601246455,0,,1686.879526726437,-194.13433137965893
237,8.1,,,,18.080059452273144,0,,56.79708577170324,-196.02945659786081
238,13.7,,,,15.164761785138596,0,,1670.6124459750092,-74.17970315625645
239,14.3,,,,13.112589370524802,0,,1517.1855853479065,-118.38992533150645
240,16.9,,,,16.688358397213808,0,,1124.441065444934,-196.32202135380405
241,11.7,,,,18.748866632412742,0,,1592.057724782946,-139.38599917093728
242,16.8,,,,14.85949570700465,0,,1230.3052433463774,-90.44375796932172
243,13.5,0.002099999999999973,,,14.195742434888814,1,1.0,58.08736737743761,-127.08237240882919
244,11.2,,,,,0,,,
245,9.5,,,,13.540365759559416,0,,756.8575548979752,-38.01381629785667
246,8.2,0.002500000000000019,,,17.800251448336404,0,,1286.7937847627697,-315.82274437131866
247,11.1,,,,14.220056258679145,0,,1806.6769456198224,-300.634336959729
248,13.1,0.0022000000000000214,,,10.278618584226189,0,,0.0,0.0
249,13.5,,,,20.408164867418595,0,,2151.4916174112655,-246.48131393783234
250,18.9,-0.000500000000000005,,,6.966473352556314,0,,0.0,0.0
251,21.5,0.0005999999999999962,,,7.8428951164137315,0,,0.0,0.0
252,22.0,0.0006999999999999898,,,8.121576201698781,0,,240.4701964241353,-59.674889628653034
253,19.0,,,,10.152712462730207,0,,0.0,0.0
254,10.3,,,,9.863929032490821,0,,0.0,0.0
255,9.1,-0.002500000000000008,,,8.495353698103184,0,,43.970673692047924,-26.90229578354158
256,14.7,,,,11.43189629037529,1,0.0,1527.35745653966,-20.15036739265414
257,17.1,0.0014999999999999898,,,8.37828911476729,1,2.0,316.14786437257214,-53.63760495916375
258,12.4,0.0010000000000000035,,,4.446156753769669,1,2.0,2463.2764869863727,-46.13965574278448
259,8.6,,,,11.441764989402667,1,2.0,3233.5242695548645,-64.28807404217639
260,10.3,,,,7.762509490100379,1,2.0,3.1378130474926635,-148.92911156867618
261,8.2,,,,19.60104116427086,1,2.0,2981.651109019246,-61.72755837052113
262,11.6,-0.0019999999999999905,,,13.71471732433171,0,,611.604917014347,-130.30516674922725
263,11.6,,,,9.54033700030136,0,,657.3472996201082,-80.288356283809
264,11.6,,,,14.264711853032184,0,,417.01187565271005,-168.0646005104191
265,11.9,,,,1.4688490744312908,0,,0.0,0.0
266,14.7,,,,2.852824129860939,0,,221.65789269248972,0.0
267,16.8,0.004300000000000004,,,6.595481906557484,0,,562.1657389048944,-26.628429071597544
268,9.4,,,,2.827673353143499,0,,1127.625129043245,-8.21348685523056
269,9.2,-0.004900000000000004,,,5.425987835569752,0,,97.83662851950395,-194.6118207913684
270,11.6,0.002199999999999991,,,4.888531586549623,0,,1219.4973330361374,-56.73597741842562
271,12.2,9.999999999998988e-05,,,3.5512543711874156,1,2.0,0.0,0.0
272,12.2,,,,9.180958555619343,1,2.0,2493.5270914380494,0.0
273,11.8,0.0023999999999999807,,,6.185302397475543,1,2.0,550.7050105537595,-9.84218257065477
274,11.3,0.006199999999999986,,,5.126402247190519,1,2.0,2882.3879370110767,0.0
275,8.5,0.003500000000000006,,,5.305849719231134,0,,53.02835799273374,0.0
276,8.5,,,,6.573440954339987,0,,313.43163453876565,-130.07922834662816
277,8.8,-0.0023,,,2.1377558326431956,0,,0.0,0.0
278,8.8,,,,17.693792254922823,0,,1691.0396574902818,-108.71406128935917
279,10.2,-0.002699999999999995,,,10.18369437505693,0,,888.6097179436699,-102.05496413513241
280,8.8,0.000500000000000002,,,6.188891192621729,0,,2275.942816883833,0.0
281,8.8,,,,13.0862523283024,0,,572.3909803256928,-118.98164930397915
282,8.8,,,,6.660330322138685,0,,1995.8822721704923,-37.353199649915204
283,13.2,0.004200000000000002,,,6.626549430477627,0,,2145.115855370678,-49.62405943125004
284,13.2,,,,8.51402160564165,0,,2357.3127077679273,-31.01725467293094
285,13.2,0.009399999999999967,,,10.749774698305082,0,,2529.6545323082596,-23.569862243679538
286,12.0,,,,12.387684997313192,0,,998.7912340146264,-70.66170217595241
287,15.2,,,,2.62239368350644,0,,1983.808902071931,-22.586480643568773
288,13.5,,,,2.9762539035009246,0,,680.527329034762,-6.235821239427443
289,11.7,-0.00019999999999999884,,,2.862498534563768,0,,1770.1256508368867,-50.59278659388491
290,11.7,-0.0014000000000000045,,,4.825971404805461,0,,1237.3366962105406,-58.32665554844519
291,11.7,0.0013000000000000025,,,12.264031633523784,0,,786.668697329049,-108.44962509577302
292,10.7,0.00010000000000001212,,,2.3791892286609575,0,,1247.3581433353725,-9.511298037470784
293,11.0,-0.004800000000000001,,,9.492101980067428,0,,1203.0149411141774,-2.3956275096722295
294,10.1,-0.002500000000000009,,,8.34906082110169,0,,1933.1857044473647,-12.779684614701116
295,9.7,-0.003100000000000004,,,6.530187053163031,0,,20.897854824355434,0.0
296,9.7,,,,6.124794376793338,0,,2076.707262120572,0.0
297,9.3,,,,7.175545750287817,0,,3353.374432037393,-17.535577266334933
298,8.4,,,,4.279213786492067,0,,2841.956408139252,-68.99143384621142
299,12.0,,,,9.755817639036701,0,,951.7657236186269,-65.28001606860833
300,12.4,,,,1.933955666834338,0,,2273.395696407327,-147.3636916431478
301,10.2,,,,9.031625574638555,0,,2492.12537518983,-57.76249694641211
302,12.1,-0.00010000000000000698,,,12.714165328483029,0,,572.1430610193181,-351.4079014538928
303,14.6,0.0006000000000000028,,,6.901893204789031,0,,3977.1853463329453,-84.54836954601134
304,14.5,-0.006899999999999992,,,5.282212510294047,1,0.0,3341.996371740871,-103.79854990923224
305,11.0,,,,5.70087712549569,0,,2504.911811954006,-77.39806121899123
306,15.5,-0.010699999999999998,,,11.200892821556682,1,0.0,204.73111918097018,-97.53074251823281
307,12.1,,,,7.280097543757242,1,0.0,1177.2032324911224,-130.6873867854857
308,10.8,0.007100000000000016,,,12.165905696883975,1,0.0,1208.4174977455968,-112.7242199766447
309,14.9,,,,4.240784256596346,1,0.0,1756.6512401176017,-12.195306480851892
310,15.0,-0.034799999999999956,,,4.284204065198302,1,0.0,1379.764180311314,-43.05444607565388
311,12.6,-0.006800000000000012,,,5.610132300679989,1,0.0,1711.0278242453917,-149.8097410096053
312,12.6,,,,6.429102737373564,1,0.0,2372.6550959831798,-94.88357633766684
313,11.8,-0.003600000000000014,,,8.159624760235806,1,0.0,3278.747669179903,-51.807949266644805
314,11.2,-0.011600000000000015,,,7.805751602569844,0,,1932.3798303080962,-130.922636090981
315,10.6,,,,13.800502545901141,0,,2237.7391766260216,-65.19512195739101
316,9.5,0.0075000000000000015,,,6.875568171566215,1,0.0,1288.7760564306946,0.0
317,8.9,-0.0002000000000000274,,,9.461519841575704,1,0.0,0.0,0.0
318,9.6,0.0116,,,16.25717723855638,0,,150.9729157286065,-53.834995218736054
319,10.1,0.012900000000000003,,,14.44758555807629,0,,1308.0877469958336,-58.07518172636042
320,10.7,,,,7.010326563034976,0,,768.8329168254664,-79.82988967196013
321,9.9,,,,,0,,0.0,0.0
322,9.5,0.011600000000000003,,,15.192103211866353,0,,139.89648044586977,-112.65009856551816
323,8.9,0.011999999999999997,,,13.851677376622893,0,,1025.163704953857,-107.05843628027392
324,11.3,-0.014200000000000003,,,9.428258566048665,0,,553.562434316233,-309.32475581812633
325,11.9,0.0019000000000000128,,,7.971121320116378,0,,575.0259410363456,0.0
326,11.9,,,,,0,,0.0,0.0
327,14.3,0.0022999999999999718,,,17.7989027597083,0,,776.786612461814,-82.1622143183856
328,14.5,,,,12.343419299367579,0,,98.57509766205793,-76.1916400046897
329,14.5,-0.007499999999999985,,,8.56807762986469,0,,82.46312493118126,-132.74680927752541
330,13.8,,,,5.261178575186363,0,,294.13463158813823,-208.70765130172578
331,10.2,-3.312237636943216e-17,,,10.770329614269007,0,,3008.159491044738,-49.08802572318146
332,8.6,,,,11.441049026456191,0,,3135.938455434105,0.0
333,9.1,,,,,0,,0.053224155904088126,-29.23498646348665
334,11.9,-0.00250000000000002,,,8.648445913587148,0,,4326.434481142096,-13.53215442688553
335,15.8,0.008099999999999991,,,5.408849434437807,0,,3153.809862881113,-37.05682220972425
336,15.8,,,,8.965204299765263,0,,1350.257786140482,-24.275603983976296
337,22.9,,,,21.888530834472924,1,3.0,818.6211769834687,-346.8917742120305
338,25.7,,,,22.561028345356956,1,3.0,1195.65745243307,-168.22100676441752
339,25.3,,,,25.393701315099438,1,1.0,889.448709343015,-318.04038046539887
340,25.3,,,,21.38447660342118,1,1.0,1647.0418870927983,-175.15389527154468
341,21.9,,,,18.154616561017807,1,1.0,1509.007731441815,-9.80135433001429
342,22.6,,,,21.926092069768917,1,1.0,2263.133874285992,-151.9218052138451
343,24.2,,,,21.87711461399904,1,4.0,1446.4193926310902,-191.17326744043737
344,24.2,,,,22.753463010808247,1,4.0,1628.8976353497294,-22.891147371241935
345,23.2,,,,21.105603717484275,1,4.0,2869.944612365482,-19.363852929582183
346,19.1,0.02359999999999997,,,27.252618254147293,0,,1972.0894463602276,-153.19530863511523
347,18.5,,,,22.10158260909328,1,4.0,2018.5353259027368,-132.6285855328729
348,17.6,,,,17.170433451481717,0,,1954.9330411589558,-204.95335731929316
349,21.2,,,,26.064226027551204,1,3.0,0.05668449727277634,-5.3418274454318695
350,23.1,,,,,1,2.0,,
351,24.5,,,,15.554099138169333,1,0.0,2272.8166596487913,-81.86123308407707
352,24.5,-0.0019000000000000245,,,17.616233941679035,1,0.0,3227.054625200305,-167.80528472364915
353,20.4,,,,24.438715585018937,0,,482.5724967799777,-40.79393849421066
354,10.2,,,,14.600085565245164,1,0.0,2572.2808932518046,-133.69220680228867
355,10.4,,,,14.825549255892255,1,0.0,3665.8503827905574,-14.21610986903291
356,19.5,,,,13.560454278948516,1,0.0,1826.6647285703302,-91.02190212093883
357,16.6,0.00930000000000003,,,14.970237060470188,1,1.0,2125.354928154726,-21.56043479762918
358,16.6,-0.0011000000000000038,,,4.897060277672432,1,1.0,32.84319727552617,0.0
359,13.0,,,,14.020862238562325,1,1.0,398.6136872022403,-45.69258016449371
360,12.4,,,,19.752064895779622,1,1.0,2338.6348916347138,-33.6103142483014
361,11.1,0.0054,,,17.48000072984994,1,1.0,2062.3170315790985,-13.382171772986068
362,9.4,,,,19.847927293623783,1,1.0,2235.1721289792645,-34.96547497540535
363,16.4,,,,17.154313074813043,1,1.0,1336.9000310420374,-57.135036184582816
364,16.8,,,,18.767258723638886,1,1.0,1534.8910646855493,-53.65546436102313
365,16.5,,,,18.80957203128237,1,1.0,952.5880081248288,-71.59741250342016
366,16.5,0.028299999999999957,,,14.847028527350972,1,1.0,1916.0517100441973,-87.02447222242485
367,15.4,,,,15.25409896994556,0,,7.922789979518377,-59.390696994333716
368,16.9,,,,13.617759969158238,0,,1170.2866248987157,-185.4545731219832
369,17.7,,,,20.671855976613017,0,,1467.925418196427,-121.21155694284835
370,17.7,0.000900000000000021,,,20.317418698277866,0,,281.1755005844342,-404.50974204755886
371,18.1,,,,22.005681754537918,0,,1565.1797195992974,-137.25914708144205
372,8.0,,,,13.972873144848949,1,0.0,1866.1558168256745,-144.14745929035334
373,8.0,,,,13.78092070744071,1,0.0,1420.621217849537,-166.5992602933172
374,8.0,,,,15.492340045710812,1,0.0,1129.8892957448788,0.0
375,12.0,,,,7.933867620034279,0,,1860.0084969032782,0.0
376,9.2,,,,18.93684711003496,0,,193.02650452371276,-210.92016018941834
377,10.0,,,,7.95335670028491,0,,66.81619725304684,-377.5969806380115
378,10.0,,,,19.44942158522973,0,,1592.3084742335268,-170.9835318853583
379,11.8,,,,2.7018512172212588,0,,2587.1852022714193,0.0
380,11.1,,,,11.372390373775714,0,,3.576570831095485,-587.9691761144419
381,11.0,,,,9.491831947801973,0,,0.0005663801670010917,-710.5750360294759
382,9.5,,,,13.209601493984833,0,,43.29032450683937,-579.979101407672
383,8.6,,,,3.404140482296566,0,,2.9050897848549053,-470.0918704745428
384,7.7,,,,9.055385138137417,0,,2795.705817698248,0.0
385,9.0,,,,8.217343251856247,0,,0.0,0.0
386,12.9,,,,14.363296852493637,0,,0.04697354409671513,-855.4543401096591
387,12.3,,,,15.07647173578752,0,,-51.06504544921149,-433.4278831148703
388,12.3,0.0189,,,0.8309748479902731,0,,,
389,11.5,,,,4.132554710876229,0,,2233.8223550695743,-31.75133408006586
390,8.6,,,,3.8180812499758074,0,,700.5982101828074,-63.447304037828474
391,13.8,,,,1.8904538851767227,0,,671.3987841597924,0.0
392,13.8,0.0046,,,4.527692569068709,0,,1199.6099924670734,-17.21638689794951
393,13.8,-0.0013999999999999872,,,1.8762032849744925,0,,1143.089167941291,-11.97811491306801
394,13.4,,,,1.6452378209589313,0,,643.609982923981,0.0
395,9.8,,,,4.668472916953202,0,,823.6975408832889,-13.437235510520035
396,10.8,,,,1.7174825114578656,0,,0.1633056193988602,0.0
397,8.7,,,,3.298484500494129,0,,1914.1738931797022,-24.213538103312274
398,10.2,,,,4.243574243489815,0,,1999.7053192685964,0.0
399,10.2,,,,6.307864945892277,0,,5.881431342296706,-68.74232843677625
400,8.4,,,,11.985354300368074,0,,1050.324583555155,-48.017490956388485
401,5.7,,,,5.560035070136787,0,,905.4857228494523,-35.15069239238277
402,4.3,-0.0049999999999999845,,,3.8343993846635613,0,,1453.3526665763095,-93.16995147540456
403,1.2,,,,2.0984846804942068,0,,1891.7326647436262,-30.384662473925243
404,1.5,,,,10.201718670210271,0,,1282.3559725607522,-89.43051100152047
405,17.7,,,,11.473161709472848,1,0.0,1705.6570279253663,-11.253948521880753
406,12.8,0.017499999999999932,,,10.55677358865557,1,0.0,145.9477608058094,-14.874356572243926
407,10.5,,,,8.011239709502469,1,0.0,1920.9893760616092,-22.41045380426533
408,10.0,,,,7.2112848178127615,1,0.0,1629.1718542131048,-6.4341741656255165
409,8.2,,,,13.081136073250612,1,0.0,376.09110101332516,-14.534008846441308
410,8.2,,,,6.941767679380918,1,0.0,1217.1104687112595,-23.658215083595408
411,8.2,,,,5.888881492164633,1,0.0,1594.8418378854058,-3.0612571127862838
412,8.0,0.004400000000000022,,,10.686311981794914,1,0.0,2916.594083160097,0.0
413,10.3,0.00979999999999999,,,6.780196040946269,1,2.0,1990.3069958475044,0.0
414,10.3,,,,20.840396632608623,1,2.0,0.9199575336282949,-377.64926386304586
415,10.2,,,,7.2034713853808015,1,2.0,7.086705072101007,-3.9724373060720475
416,9.2,0.02530000000000002,,,11.505632935728716,1,2.0,599.0180553724789,-18.70630651479961
417,10.2,,,,10.031948963187562,1,2.0,1094.207961400937,-55.773196464084634
418,10.0,0.01499999999999999,,,11.903780911962386,1,2.0,242.94670154715863,-15.562033660181097
419,9.7,-0.009299999999999996,,,12.568819539403393,1,2.0,0.0,0.0
420,9.7,,,,13.908064222649367,1,2.0,1253.6554145938185,-76.06560574735198
421,9.9,,,,11.295080785242904,0,,1457.451994499211,-22.705224675013827
422,9.9,0.03769999999999998,,,13.222709820962487,0,,107.83890382591503,-23.294021129075137
423,9.9,0.010200000000000004,,,12.042189251175483,0,,1122.6092441162798,-76.55424416750448
424,8.3,,,,20.381350771279703,0,,169.5759024681247,-205.13365160398791
425,16.3,,,,10.986990880805998,0,,1328.9604490500687,-78.23489432393404
426,16.3,,,,7.960122269479341,0,,2212.186403430663,0.0
427,16.3,,,,2.6035743062439116,0,,1728.3073272843803,0.0
428,16.3,,,,13.582585931355705,0,,-2.700073143533202,-186.19101811260722
429,13.2,-0.019600000000000013,,,11.876614917348205,0,,76.27066128759316,-262.2573635727361
430,15.9,,,,11.121032408889446,0,,2195.5581792764388,-15.766230475823166
431,16.7,,,,11.770383667670645,0,,0.11713440582218115,0.0
432,16.7,,,,12.914113088412714,0,,796.8331814908846,-96.68821820115322
433,16.7,,,,16.650789112595817,0,,1092.1850032221103,-126.29957391428779
434,11.6,,,,11.923884247371848,1,1.0,2451.7524591049078,-31.872727456050143
435,11.2,,,,15.24430169436842,1,1.0,0.0,0.0
436,11.2,0.0009999999999999883,,,14.403711598456601,1,1.0,20.520394242009058,-359.2848439452437
437,11.2,,,,14.140152888415216,1,1.0,14.506178184903321,-438.0522248045939
438,10.2,-0.00020000000000001017,,,13.987210930356348,0,,2001.035940078271,-37.6881870127216
439,12.3,,,,6.773671401482763,0,,405.7182633542231,-179.1288628674328
440,16.0,,,,14.908593007656561,0,,1509.265536648569,-54.16880719940071
441,12.8,,,,16.36132076778594,0,,800.7286307548115,-240.8337598944183
442,12.5,0.0029999999999999936,,,11.947646707924823,0,,728.1407455698251,-107.07551094269235
443,12.5,0.007100000000000007,,,10.319648160697273,0,,1382.9282907085915,0.0
444,12.4,,,,11.1243508591735,0,,931.2068774681462,-164.57057857259554
445,11.2,,,,13.1736556975321,0,,1403.219120640092,-82.24201877237711
446,11.2,,,,18.753599192504346,0,,1015.1987099403652,-162.29987264655142
447,11.0,,,,11.895393502329714,0,,839.3505624868205,-24.288296739488516
448,11.0,,,,14.105726383213081,0,,1209.9625216070501,-74.93575449774114
449,16.7,,,,8.837320296364398,0,,3348.537822294408,-0.07178652536761172
450,13.7,,,,9.730495700402772,0,,3070.1895802148474,-28.725168582735712
451,15.3,,,,13.487588189545821,0,,0.0,0.0
452,15.3,,,,4.601086828130936,0,,0.0,0.0
453,15.3,,,,13.926915434571805,0,,3356.834254338449,-64.83198617020265
454,17.9,,,,17.23713803648023,0,,1927.6983022394138,-62.68810257992821
455,23.5,0.01880000000000006,,,17.19767426136453,1,1.0,3421.179217247703,-39.162530930158155
456,23.5,,,,19.975916083211462,1,1.0,2706.441007026098,-43.39967029766267
457,24.1,,,,15.501437228397192,1,1.0,3622.605537716711,-47.33109075278635
458,26.3,,,,9.083743478566172,0,,428.36844108597984,-26.91421131244382
459,20.4,,,,11.628705811918053,0,,0.0,0.0
460,21.8,-0.0032999999999999974,,,8.927485648266257,0,,2558.9251598480546,-8.44303508609956
461,16.0,,,,7.746777170897438,0,,1082.045269719346,-11.043034465740186
462,7.7,0.0011000000000000298,,,9.884331034521255,0,,1277.3394714063202,-40.61346079385975
463,7.7,-0.006500000000000008,,,8.43732482115945,0,,0.0,0.0
464,7.7,,,,10.221575034898015,0,,1327.5248041946813,-26.279988331951
465,6.3,,,,9.459945190096832,1,0.0,2150.672801904505,0.0
466,9.4,,,,9.462986444219501,0,,899.510702857155,-58.048195903618286
467,9.4,,,,6.666522612225659,0,,1925.1534654845698,0.0
468,6.4,,,,8.402864580696876,0,,268.5177178251071,-180.6067173971409
469,10.7,,,,8.11874195711298,0,,-2.0581318752495523,-356.40329881648086
470,11.2,,,,7.655840469522642,1,1.0,2011.7455419641183,-31.928171955116305
471,11.2,-0.005900000000000009,,,6.8541957952775165,1,1.0,1280.9815267538363,-41.30662170864206
472,11.3,0.009499999999999982,,,12.110326172320876,0,,1520.7064352835807,-33.69617537999492
473,12.9,,,,7.669987120777603,1,1.0,1625.098767820155,-33.278935291993555
474,12.4,,,,7.174216912337034,0,,1824.1455310426613,-37.64737640095725
475,5.0,,,,8.088622160370479,0,,1048.2178766390266,-11.255010341226251
476,5.0,0.010299999999999986,,,11.346365056704283,0,,1415.0247865866008,0.0
477,4.7,,,,13.646206769687586,0,,1873.7715819997225,0.0
478,4.8,,,,10.947387119415328,0,,759.2174382966546,-138.12287429274448
479,4.8,,,,18.294898157564322,0,,942.374069574089,-194.04289956277057
480,5.3,,,,5.8597210442236145,0,,1267.0251624934751,-15.065457146168592
481,5.5,,,,9.701247459632695,0,,1516.6114481125853,0.0
482,4.4,,,,8.605230967266364,0,,1156.9244867347766,-79.44709736413225
483,4.4,0.01370000000000001,,,12.124768039018313,0,,1460.5312179226905,-10.580901906313848
484,4.4,,,,9.501474755659624,0,,1356.937737696221,-45.75839679160455
485,6.2,,,,13.134152256695522,0,,1369.1013560231424,-57.565306628597945
486,6.0,,,,9.96443676280802,0,,2.0151627476518463,-103.98831519005554
487,6.0,,,,16.758774617575543,0,,1100.774473150306,-130.7025878970327
488,6.0,,,,10.667708282475669,0,,1621.9046020767514,-27.200863955188133
489,13.5,0.002700000000000018,,,8.631338250816034,0,,2926.2451762884034,-112.66681975075173
490,12.6,-0.0005000000000000085,,,6.305478234451109,0,,202.16893212815538,-355.1259608522213
491,12.6,,,,12.038510323637285,0,,199.23183685468848,-116.05587700914093
492,12.8,0.004399999999999996,,,11.251462636227679,0,,1679.5392489196304,-168.59161960019853
493,13.5,,,,8.394115390839811,0,,663.417544501464,-192.6159765649426
494,14.5,,,,11.696695095424593,0,,715.0956471289218,-268.35220389839634
495,14.3,-0.009200000000000036,,,16.16863112430377,0,,786.2477703884102,-145.5082175825296
496,14.7,,,,11.49222279496534,0,,1178.7392537137766,-237.08372023750786
497,11.5,0.003300000000000024,,,7.529276193632426,0,,653.6542044073344,-143.18931578487638
498,13.0,,,,13.031871165373438,0,,268.60482865362553,-25.915195574018277
499,13.0,,,,11.822064476738431,0,,238.64856420079866,-398.5439608094179
500,12.5,-0.002199999999999992,,,8.181866332402485,0,,116.83807310020215,-197.37060862782212
501,11.5,0.0028999999999999833,,,7.654287043598325,0,,182.54852522239156,-205.34408245195152
502,12.8,,,,12.513916516074074,0,,240.99645156921378,-292.8868896417568
503,16.4,,,,6.703598564472882,0,,633.5857028675647,-161.72530198308925
504,16.6,0.03900000000000004,,,15.227914079279518,0,,0.0,0.0
505,18.9,,,,10.027350534530093,0,,0.0,0.0
506,16.4,0.01970000000000001,,,19.095373778079267,0,,123.24197401947787,-429.6218418803543
507,15.5,,,,6.644875566271002,0,,3282.315652494515,-40.363086695830134
508,13.2,,,,12.237406585748223,0,,1062.3941438234817,-107.7663864725731
509,12.3,0.002800000000000029,,,3.1352799765707458,0,,11.77385090883222,-72.52749760487004
510,13.1,,,,9.239295194695348,0,,2577.0937911771885,0.0
511,14.7,,,,10.540103931825762,0,,1337.1404163534319,-83.21089345370082
512,10.1,,,,12.065339009071304,1,0.0,2056.9958925341966,-110.50904116257645
513,10.1,,,,8.283370116553463,1,0.0,7.857793874429698,-36.38645193311348
514,8.4,,,,8.671126851264178,1,0.0,3027.7276771931574,-123.643532134841
515,15.0,-0.03200000000000004,,,18.315714625646418,1,1.0,124.23265414018206,-515.1417600761658
516,18.9,,,,16.085920399212885,1,1.0,2067.245759081366,-163.4459443507946
517,19.4,,,,19.374744486605262,1,1.0,37.719357996599335,-356.96725536788153
518,19.4,,,,12.065408755950616,1,1.0,797.408183121847,-128.31428844499194
519,20.5,-0.0002999999999999943,,,10.456098698845569,1,1.0,302.7105648624452,-208.65718211529014
520,16.6,0.004100000000000005,,,11.586542359924703,1,0.0,0.0,0.0
521,16.6,,,,12.600044056883927,1,0.0,7.6746747841607155,-228.99139930891047
522,16.6,-0.0015000000000000078,,,17.928693054974435,1,0.0,-7.938021677540224,-394.7287985759905
523,14.1,,,,10.755771941039466,0,,1263.5336723565697,-115.09006432793637
524,14.1,0.007600000000000006,,,7.8554710332321855,0,,108.86292459483225,-336.46614379917025
525,14.1,,,,11.054863183232978,0,,666.8913580550899,-198.3448915212812
526,12.6,,,,12.17002347626972,0,,447.67181369828944,-220.3717835829178
527,12.2,,,,12.32895182565323,0,,512.7892424895067,-288.8247544911571
528,9.5,-0.0004000000000000016,,,1.5635070624336693,0,,1221.9845340543072,0.0
529,10.1,,,,4.305410437781414,0,,0.0,0.0
530,10.1,,,,4.621423188322348,0,,2463.02196302322,-69.55632499580955
531,10.1,,,,2.1401489222213357,0,,1849.0373234778735,-24.924451924382236
532,9.4,0.0008999999999999891,,,6.322597735708746,0,,2309.1291311106625,-27.022654722625617
533,11.4,,,,12.72508822921851,1,0.0,2896.1366855101555,-113.8098073731815
534,11.4,-0.005400000000000006,,,6.4536811201050215,1,0.0,2611.6127443220294,-68.10124305628749
535,11.4,,,,14.96119893934794,1,0.0,3123.7619503584747,-104.2199893734959
536,13.3,,,,10.223630530529743,1,0.0,1627.0457976839987,-279.11668133091143
537,13.3,-0.0063999999999999925,,,13.461797799699712,1,0.0,2463.1830913052795,-290.6095871007162
538,12.1,,,,9.330680201182451,1,0.0,2767.5746691137915,-162.7496974287389
539,12.1,,,,6.924805343461589,1,0.0,2161.6196497382907,-188.1960487416582
540,9.5,,,,7.907591289387686,0,,2418.5096512322193,-223.96704403572613
541,9.5,,,,11.963477352381796,0,,2944.75473958051,-297.0763134261669
542,9.7,0.0052000000000000015,,,5.184633580617659,0,,1512.717544452046,-232.43821598192255
543,9.7,,,,11.15212984142491,0,,3081.736396392777,-210.57980733130586
544,9.3,-0.0016000000000000083,,,3.6341478024048914,1,0.0,764.4673650800929,-13.689556335019224
545,12.1,,,,5.660831407155351,0,,1121.0913153850659,0.0
546,11.7,,,,1.5877326856423748,0,,1583.9897692640566,-45.776866354716155
547,8.8,,,,21.56856855083341,0,,574.7993933470202,-69.75330341647287
548,8.8,,,,9.10494371207203,0,,1990.5274821942055,-26.95183262306456
549,13.1,-0.003400000000000008,,,13.204832268139036,0,,1375.9550890458725,-132.82949298883057
550,14.8,-0.0049,,,21.364126339062576,1,0.0,0.0,0.0
551,13.9,,,,13.669171180429755,0,,1358.4908613878986,-35.075676184722596
552,13.9,,,,13.004999038831183,0,,2737.4512347990585,-52.7352034945784
553,15.7,,,,15.371451555520764,0,,1396.1261630756846,-182.15757089198743
554,16.3,,,,19.6907061596859,0,,436.04896774229826,-241.8464729387665
555,13.0,,,,6.756970000934229,0,,3088.966848721559,0.0
556,13.0,,,,12.144015284558375,0,,1908.6576473178213,-75.62540999586524
557,9.9,0.001599999999999993,,,5.863275559291802,0,,0.0,0.0
558,10.5,,,,10.912378292562993,0,,0.0,0.0
559,9.8,,,,11.24746147307782,1,0.0,2482.2248467691793,-18.277595994683935
560,9.8,,,,7.413236588677667,1,0.0,0.0,0.0
561,10.5,,,,13.815039859826062,1,0.0,577.2176255458866,-254.54163213181786
562,9.9,,,,5.926973377734987,1,0.0,0.0,0.0
563,9.1,,,,9.792052390864493,1,0.0,2936.8068398896976,-19.673330227968602
564,9.7,,,,10.656109601332721,1,0.0,0.0,0.0
565,13.1,,,,3.623502475802535,1,0.0,2430.9649776035203,0.0
566,10.6,,,,7.18034746481225,0,,0.0,0.0
567,8.8,0.002100000000000004,,,10.404037120791418,0,,488.5534608496022,-334.42264241164463
568,8.8,,,,8.816425753696794,0,,3322.9543434226903,-18.33799645581433
569,15.3,,,,11.019803813843387,0,,0.0,0.0
570,14.4,0.0007000000000000077,,,5.4846376487086745,1,0.0,2778.7746074426204,-15.009805261162976
571,11.2,0.002499999999999998,,,11.754573577973812,0,,67.91591590927672,-479.85336826296225
572,11.9,,,,11.194431522230692,0,,3010.777268464933,-39.12701187861293
573,13.0,,,,12.334446876093422,0,,30.927902052136172,-789.5188281708992
574,13.0,,,,4.664855107611843,0,,2387.366926624766,0.0
575,9.5,0.012799999999999995,,,6.465327584441833,0,,1789.2080269857654,-71.91188452559572
576,5.8,,,,4.202560072380442,1,1.0,2901.9770696670325,-0.5727688586389743
577,15.6,,,,9.417536832951598,1,2.0,1205.0102295041647,-242.77013254326513
578,5.2,0.0008999999999999943,,,11.916441657943302,0,,2089.2621963199854,-171.71607849412018
579,13.7,0.007000000000000073,,,23.313729860320507,0,,2234.327184902989,-246.31954467808148
580,11.1,0.001999999999999988,,,11.85564644249512,0,,-2.395956609197465,-672.1190316258752
581,16.8,-0.0033999999999999916,,,6.576473218982954,1,5.0,3711.4570982289138,-13.454933781399712
582,15.4,,,,12.214828384086145,1,5.0,2527.912072617202,-98.94452458731134
583,15.1,,,,14.352391451881559,1,5.0,0.0,0.0
584,10.1,0.005200000000000046,,,11.019145544198997,0,,2286.672055999466,-137.5398995194779
585,8.4,,,,10.846869235931813,0,,1967.6633938383331,-234.67479846774373
586,6.6,,,,4.123105625617661,0,,1684.9027543103443,-10.591280973779318
587,7.0,0.0002999999999999873,,,3.447247980799726,0,,2463.492507702838,-0.517902564871703
588,6.7,0.03660000000000001,,,8.155145709914212,1,1.0,2237.049430655801,0.0
589,7.4,0.010300000000000005,,,7.047972974672413,1,0.0,0.0,0.0
590,8.8,0.007999999999999983,,,8.136273269234659,1,0.0,2113.9552806290717,-173.6894820230551
591,12.0,,,,10.6,0,,540.1001646096087,-180.6397386229403
592,6.4,,,,20.753416499219814,1,1.0,0.9016208255713526,-15.857131022516409
593,9.4,,,,5.617761840149529,1,0.0,19.43113185449168,-27.946052459777505
594,9.7,0.0029000000000000263,,,14.4422720971853,0,,282.302897388768,-8.309878264595932
595,12.4,0.00039999999999999975,,,4.9970371866197985,1,0.0,503.03563301545705,0.0
596,12.4,,,,15.33208096962931,1,0.0,0.0,0.0
597,12.6,0.011299999999999972,,,13.910282138969217,1,0.0,803.2358884397102,-210.3568904484436
598,12.6,,,,17.18814198514446,1,0.0,3476.2903014054386,-202.05193417578406
599,12.5,0.0508,,,17.367420189585918,0,,1006.4542501742554,-200.0093911642974
600,16.9,,,,16.73136232827279,0,,1918.246068053129,-140.79760697442597
601,17.0,,,,18.772454759072005,0,,376.88718355506256,-124.8921523426144
602,8.9,,,,,1,4.0,0.0,0.0
603,6.6,,,,19.93735426962618,1,0.0,0.0,0.0
604,10.1,,,,4.124523678720608,1,3.0,2650.164058367094,-12.952790363878957
605,10.1,-0.011599999999999984,,,2.532552309704079,1,3.0,714.2280092872891,-67.92274831826559
606,11.1,0.0027000000000000006,,,10.748953437428222,1,3.0,1879.1205580579663,-30.971470422520714
607,14.2,-0.0034000000000000133,,,6.674001816259073,1,3.0,1938.5653586936874,-15.432115568913138
608,15.9,-0.0008999999999999811,,,8.76627218568603,1,3.0,1323.8648711111691,-47.00435575210111
609,15.7,0.001099999999999979,,,10.448444860360798,1,3.0,2187.3909735035595,-115.15321913108322
610,14.7,-0.0016000000000000148,,,11.812552887730346,1,3.0,1727.4387841565017,-106.37659451069308
611,13.2,,,,15.483174126899845,0,,2845.532615286333,-36.27525802230551
612,16.6,-0.0005999999999999964,,,17.174719837633376,1,2.0,918.1542584167576,-191.39973173078894
613,16.2,0.010099999999999991,,,18.601075237738275,0,,2959.237325760033,-61.747706742252454
614,16.2,,,,16.031601849014603,0,,0.0,0.0
615,15.5,0.02920000000000003,,,17.92344832893492,0,,989.9377411489471,-156.53952195560586
616,9.1,,,,5.041692647788836,1,1.0,932.5282756802992,-62.58319991610226
617,9.5,0.0006000000000000035,,,10.232362751730301,1,1.0,1397.2663688253629,-90.9585037261239
618,9.5,,,,11.324011598609953,1,1.0,353.6427525448553,-69.5189407148918
619,11.5,,,,9.21376471429844,0,,3642.566775584449,-23.52529647280939
620,11.5,0.002199999999999991,,,7.300484622921932,0,,1516.333496597618,-80.29909238395278
621,10.3,-0.0014000000000000384,,,13.939989469376366,0,,1760.8123997557464,-86.85096501678481
622,17.3,0.0025999999999999778,,,11.189056863196019,0,,,
623,18.1,-0.0024999999999999966,,,9.812622189040273,0,,,
624,17.6,,,,15.70031846810758,0,,693.2439852291702,-18.686980400138538
625,16.2,-0.0014999999999999946,,,11.660157940672175,0,,2923.859248058365,-72.56096219702239
626,16.0,,,,17.25416643979534,0,,,
627,7.0,-0.017500000000000057,,,10.756218127941475,0,,303.51231995787407,0.0
628,7.5,,,,5.171655560387556,0,,,
629,6.7,-0.005200000000000005,,,4.940133568345397,0,,0.0,0.0
630,5.6,,,,,0,,,
631,5.6,,,,5.273749265016005,0,,62.35356504713279,0.0
632,4.3,,,,6.155485358604957,0,,302.76514208264774,-636.2987254895615
633,7.6,-0.014100000000000019,,,10.084936142821858,0,,0.0,0.0
634,10.7,,,,5.34871481245968,1,1.0,,
635,10.7,0.014800000000000011,,,9.678002549934552,1,1.0,250.24331711877065,-722.6678698138351
636,13.4,0.0006999999999999948,,,4.508949856919224,1,0.0,46.722823394945344,0.0
637,9.4,,,,0.9460947234878355,1,0.0,121.13222655800601,-721.8268732176659
638,10.3,-0.00019999999999999768,,,3.344303443257207,0,,2855.578905003021,-65.4271881620513
639,7.2,,,,10.073031534612277,0,,52.845055805321856,0.0
640,5.5,0.0003999999999999931,,,9.02108640907513,0,,794.5644176626389,0.0
641,10.4,0.022600000000000006,,,,0,,,
642,10.8,,,,17.947823894398233,0,,376.7940111370857,-324.4470781934513
643,3.3,-0.018099999999999977,,,10.744011515582132,0,,0.0,0.0
644,7.9,-0.0031000000000000003,,,7.76327872316947,0,,2779.525135239545,-119.9998477262204
645,9.5,0.010799999999999994,,,14.274172674893602,1,3.0,1274.9380777398417,0.0
646,13.4,,,,13.38226418778282,0,,1758.2996200356288,-118.08642209691443
647,13.5,,,,19.12372436567251,0,,3157.0073265674378,-222.89038798209853
648,13.9,0.010300000000000042,,,11.747765745025733,0,,,
649,14.0,0.04520000000000007,,,17.416602162753986,0,,4524.260383254442,-80.69389334135077
650,9.2,-0.0066000000000000225,,,17.372679701185998,0,,633.7568501549258,-277.17100078667005
651,9.0,-0.037600000000000036,,,20.768485741623053,0,,,
652,8.9,,,,20.76279739922908,0,,3026.0544202281976,-228.69493678138664
653,7.4,-0.00019999999999999603,,,17.009683093998824,0,,872.2344259006555,-300.5812271695941
654,6.8,,,,19.501417824114746,0,,526.7275067198368,-276.7807214178982
655,12.8,-0.00919999999999999,,,8.850013099672585,0,,1155.5085902505296,-0.9505482144863662
656,12.5,-0.0035999999999999747,,,17.103091129878482,0,,588.7883703934343,-125.64953283981058
657,12.5,0.01139999999999998,,,8.166794816290047,0,,2070.312799054233,-172.9054898981591
658,5.2,0.0035000000000000144,,,5.450475221385962,0,,3856.5396122965262,0.0
659,5.7,,,,8.458144470599748,0,,1483.5343270411825,-76.82485788185602
660,8.8,,,,6.699286408031669,0,,,
661,9.5,0.016599999999999983,,,10.914935757875742,1,3.0,3178.210825186369,-47.59794627103391
662,9.5,0.001499999999999999,,,8.105014046393217,1,3.0,4135.886983064043,-0.12342493871399633
663,3.0,0.002700000000000003,,,12.20000284983058,1,3.0,3856.7354940198347,-63.72276006679706
664,2.2,-0.0007999999999999865,,,9.65549015604938,1,3.0,3651.2989929181895,0.0
665,2.6,0.005599999999999965,,,8.893944634257496,0,,1174.7545953769195,-48.084932561052455
666,9.9,0.0007999999999999982,,,11.134834036235036,0,,3957.810320723899,0.0
667,11.8,-0.012600000000000014,,,5.721887800367987,0,,2016.4964091736822,0.0
668,9.3,,,,8.563293758829017,0,,2056.727179083188,0.0
669,13.0,0.0017000000000000248,,,8.926925562588723,0,,0.0,0.0
670,9.7,,,,6.090155991434045,0,,1896.0151706836984,0.0
671,9.9,-0.012899999999999998,,,8.36910687245367,0,,2732.6980481931946,0.0
672,9.6,,,,10.372307714664538,0,,2656.517941971519,-33.6027375454387
673,12.4,0.00010000000000002912,,,6.692356352862394,0,,329.9099737007198,-112.57118904590307
674,12.3,0.005500000000000019,,,8.949860334105779,0,,,
675,7.2,,,,9.648828850707762,0,,411.3193790102208,-27.28893652803181
676,6.5,-0.0012000000000000107,,,8.19553086486169,0,,1037.3959743994492,-122.5236737367129
677,6.5,,,,13.596702725801082,0,,3277.4333726057857,-93.49979690907267
678,6.5,,,,8.810927499709754,0,,3087.5845531096993,-26.74280927396204
679,6.7,0.027599999999999993,,,6.217716622683925,0,,0.0,0.0
680,7.0,-0.004400000000000003,,,13.463846763804542,0,,2064.1141149116784,-90.97420652531781
681,7.0,,,,8.72984005667161,0,,0.0,0.0
682,7.4,,,,5.485652373756344,0,,0.0,0.0
683,8.4,-0.006000000000000042,,,11.40175425099138,0,,2416.1266525737615,-6.8362429206135715
684,8.5,,,,10.783805470041585,0,,3147.5491036176036,-13.378929593296737
685,8.5,-0.0015999999999999855,,,7.414849964766649,0,,1721.141164449829,-39.45072542667277
686,9.5,,,,6.2008063991709985,0,,2004.2401651256312,-38.53390256189601
687,7.2,0.0008999999999999993,,,12.204995978199264,0,,0.0,0.0
688,6.9,,,,10.257441999339783,0,,2302.342868167015,-36.66571488190199
689,6.9,0.003199999999999951,,,12.020890210656674,0,,1881.9104835932005,-133.896239004345
690,10.6,0.030699999999999904,,,11.66895747225838,0,,840.515019088872,-208.48342990162496
691,10.2,-0.0031000000000000255,,,8.066337613200892,0,,2182.864039515552,-111.17775842923642
692,10.5,,,,3.827531841800927,0,,,
693,8.2,0.08320000000000008,,,12.350094239176544,0,,107.14768156212685,-393.7400118712896
694,8.6,-0.0024999999999999285,,,11.2680714925868,1,3.0,876.8613862778125,-42.5831816556607
695,8.1,,,,15.319125340550283,1,3.0,526.1224372314814,-107.2346201329598
696,8.1,,,,20.26771899935549,1,3.0,792.7326471156917,-71.04973471831379
697,10.3,0.004300000000000014,,,22.23987296631412,1,3.0,767.906512311549,-45.806073757169344
698,13.6,0.002999999999999984,,,12.254529440568623,1,3.0,3535.207917678954,-47.31252994513179
699,16.5,0.0012000000000000062,,,1.0220128162772066,1,3.0,1923.421308140695,-74.81081609925457
700,9.9,0.0031000000000000047,,,18.01018447313868,1,3.0,154.38644963325672,-118.17108985330997
701,12.3,-0.005299999999999993,,,3.7583990154430866,1,1.0,130.7304612662294,-483.185274053433
702,6.9,-0.01689999999999998,,,6.092838133349121,1,0.0,317.57879191722657,-527.8394259833905
703,8.7,,,,17.53050366736271,0,,66.90428535652703,-15.16565915618523
704,11.8,0.0022999999999999974,,,17.273105266371314,0,,,
705,12.3,,,,6.869987891600305,0,,471.2917858030669,-236.42866425867095
706,18.0,0.001599999999999995,,,19.04286792182347,0,,2010.0742772675414,-0.1220704375027285
707,18.6,-0.005899999999999972,,,5.843606717140503,0,,505.8219562773524,-513.9898287455192
708,8.3,-0.0032999999999999948,,,4.8149914703442,0,,,
709,8.3,-0.0009000000000000011,,,6.010598068926836,0,,1374.194553940025,-79.57525814324998
710,9.5,0.00019999999999998383,,,6.167805803928289,0,,273.28238178729976,-79.16248006190523
711,12.7,-0.0021000000000000038,,,8.687072348309915,0,,1157.332857479704,-47.06040144619327
712,12.3,,,,3.3825074362226997,0,,459.6004395603742,-106.49383479621513
713,12.3,0.0007999999999999954,,,13.7444350603592,0,,970.8191449033072,-139.94635921503013
714,17.4,0.012799999999999994,,,6.400195187867644,0,,788.8199016345209,-38.73284065095063
715,14.9,-0.005799999999999991,,,4.600824128781955,0,,1184.3256843346337,-55.74505363701904
716,14.4,-0.06769999999999993,,,2.4515301344262523,0,,,
717,19.6,0.019799999999999967,,,13.288926333373338,0,,0.0,0.0
718,18.0,-9.999999999999213e-05,,,5.573727439411522,0,,34.2988321104369,-414.2101619447616
719,14.9,0.0010000000000000085,,,7.445314867527744,0,,12.02352275088795,-126.54330832757488
720,10.8,0.0020999999999999964,,,6.178575547014813,0,,2807.0637598919207,-136.87267433084494
721,2.8,0.0005999999999999977,,,4.604483630066933,0,,0.0,0.0
722,3.9,,,,11.329607230614839,0,,3056.467694940088,-50.269534748971815
723,3.9,,,,3.0594117081556713,0,,1333.3592246198175,-89.99901923429198
724,5.7,0.0007000000000000053,,,11.668007567143162,0,,2984.0751422880385,-65.60869609674594
725,5.7,0.0022000000000000084,,,7.433034373659254,0,,2711.190582683627,-125.96383100356506
726,4.7,-0.00210000000000001,,,11.955236861053168,1,1.0,3016.074042502701,-89.92673736414892
727,4.3,,,,12.52759345913242,1,1.0,3359.645813533042,-57.52321240713269
728,4.0,,,,12.014097976523892,1,1.0,2441.3445413434138,-61.13324213976191
729,4.4,,,,0.14765334797721988,1,1.0,1153.4032572993588,-108.73784246137666
730,4.4,0.007900000000000003,,,9.59773254904855,1,1.0,1725.3754209841306,-316.91006906466583
731,6.7,0.006599999999999983,,,11.843740762793587,1,0.0,2622.742787041025,-117.71482262661631
732,6.7,,,,17.826765986886343,1,0.0,1983.557081415857,-84.29221135818628
733,5.4,0.0047999999999999675,,,14.073023839957068,1,0.0,2968.9378496103873,-85.4575170318497
734,3.2,-0.005100000000000062,,,19.076920508975395,0,,567.8424603103151,-35.953120051190815
735,2.7,0.0015999999999999834,,,16.483021567661677,0,,282.9527970936949,-180.7126449720012
736,4.5,,,,14.401388821915754,0,,2449.997501285366,-47.792751421078265
737,4.5,,,,4.259985617258396,0,,999.7834856020429,-156.87089497690175
738,4.5,-0.016500000000000025,,,14.97230777134908,0,,2823.9154929529445,-106.96061662494168
739,4.5,0.006400000000000021,,,9.969921661584099,0,,2389.464488846975,-116.33547013842139
740,4.5,,,,16.6547289094994,0,,1203.5573860017407,-166.68922710112957
741,4.5,,,,24.01686907155052,0,,2172.2143298930096,-190.02921410568774
742,5.2,,,,15.74714679669587,0,,835.3801993087873,-306.009641261763
743,8.5,0.0034000000000000007,,,14.147202302187548,0,,1389.2802142198495,-201.5561512885751
744,16.1,,,,12.411045784659418,0,,1345.126354262608,-138.0798611953669
745,10.1,0.0031000000000000008,,,5.858745578828448,0,,915.5061289196908,-182.03687316227465
746,10.2,,,,12.92522201049961,0,,1106.3594742251264,-145.2149413028086
747,10.3,-0.0010000000000000067,,,8.844174840563962,0,,421.09539992961334,-173.72078760774644
748,10.3,0.014900000000000012,,,12.01950546113262,0,,756.8089824675251,-207.81880148689027
749,8.9,0.004499999999999985,,,12.233982759952381,0,,852.5139650748431,-234.39142042429236
750,8.5,,,,14.666669177879658,0,,770.213602900124,-324.6265901466922
751,8.5,0.014500000000000004,,,11.062153001096776,0,,569.9971947013828,-272.98853263699476
752,8.5,,,,13.018832512940628,0,,517.2326108737548,-303.78036778744655
753,10.9,0.0018999999999999935,,,8.039883703694608,0,,1651.2599468672886,-17.432293333229186
754,10.6,,,,10.146684684395346,0,,1884.8517388177472,-25.26560736038215
755,7.7,0.0008000000000000087,,,7.013220221100459,0,,1457.0109829287867,-30.535489847037972
756,8.9,,,,8.630341209216223,0,,1474.2367199355103,-35.30689060141007
757,7.8,-0.00019999999999998925,,,8.870904359139416,0,,1327.9137001304755,-19.622672181223507
758,7.8,-0.0012000000000000118,,,10.33537614216338,0,,1249.957763339217,-37.444935662566294
759,6.7,,,,12.116517651536682,0,,1670.7049332604672,-22.376443636167494
760,10.5,-0.002300000000000022,,,18.896134719388936,0,,3540.7399459980084,-104.87214512707256
761,10.5,-0.014800000000000004,,,9.410033266078214,0,,2555.986395981149,-34.34163516852137
762,13.4,-0.0034000000000000046,,,19.105321065142725,0,,4717.370125047716,-36.20694035132434
763,15.5,-1.180425115293593e-17,,,4.885967943431395,0,,2319.9980668597805,-25.626569825397745
764,11.8,0.0017999999999999913,,,6.085238809191021,0,,,
765,11.7,-0.0009000000000000043,,,1.1173255898930012,0,,1718.608563855541,-25.006298082062294
766,12.1,0.000900000000000011,,,14.148144754701939,0,,4121.532549596186,-42.94403032341035
767,11.5,0.0005999999999999963,,,9.904544411531507,0,,4004.286062534137,-37.958629816621034
768,14.3,0.00020000000000001668,,,17.116874311535046,0,,3818.799379366743,-72.99135128426691
769,15.1,-0.0006000000000000059,,,13.147243057006285,0,,3738.426778265988,-34.932406856769774
770,11.3,-0.00039999999999998945,,,10.66341339863225,0,,0.0,0.0
771,11.8,0.0004000000000000015,,,13.87984149765407,0,,1188.9029315153432,-79.6290165614468
772,18.4,0.0008000000000000113,,,11.216059914247964,1,1.0,1261.9403396408065,-14.867134877611571
773,18.4,0.0003000000000000008,,,6.59278624026099,1,1.0,344.91110427354636,0.0
774,13.0,-0.0006999999999999806,,,10.33247308247159,1,1.0,0.0,0.0
775,13.0,-8.61940727125976e-18,,,9.701525950342564,1,1.0,,
776,18.1,-9.999999999999294e-05,,,13.170167738161407,0,,2391.630505908382,-17.97682355245581
777,18.1,-0.00040000000000000994,,,9.852155034240425,0,,0.0,0.0
778,14.6,,,,,1,,0.0,0.0
779,16.3,0.0014000000000000147,,,22.67906523646863,0,,1027.4204284434209,-135.09412292568356
780,11.0,0.0009,,,9.260860034900116,1,4.0,0.0,0.0
781,10.6,-0.0003000000000000033,,,11.002921330988903,1,4.0,0.0,0.0
782,11.0,-0.0005000000000000086,,,10.376420735313438,1,3.0,0.0,0.0
783,10.2,0.0004999999999999884,,,8.020203901129785,1,3.0,,
784,12.4,-0.0007999999999999985,,,6.772001181334806,1,1.0,0.0,0.0
785,15.8,0.00010000000000001423,,,19.350815883364085,1,1.0,,
786,15.8,0.0017000000000000238,,,18.361917111238686,1,1.0,1928.5843893576775,-146.65341993735856
787,16.0,0.0008000000000000023,,,8.228989305862498,0,,795.7219615217655,-15.826056176785903
788,16.0,-0.0001999999999999942,,,6.753517601961217,0,,2318.686485338238,-36.79430175935434
789,17.9,-0.0003000000000000041,,,4.365775990588615,0,,213.20716477622514,-37.89511427144859
790,17.9,0.00030000000000000317,,,4.566028986697086,0,,2411.2683893328453,-5.333005878408849
791,17.0,0.0004000000000000034,,,3.800740244307554,1,0.0,152.58320639875245,-40.849663160059016
792,17.4,-0.0004000000000000014,,,2.9751191625985096,1,0.0,1008.006338665741,-68.9730941622251
793,18.7,0.001400000000000002,,,6.809720715306776,1,1.0,1681.0609040609804,-36.09998704245486
794,17.2,0.0019999999999999857,,,8.16648252630404,1,1.0,24.369706244521108,-35.29748990486498
795,16.5,0.0023999999999999868,,,9.712878049270463,1,1.0,1556.1045404190445,-68.9764974472649
796,16.5,0.0024999999999999935,,,11.121692646377067,1,1.0,245.54191856604658,-26.68089633916315
797,5.4,-0.00040000000000003314,,,3.8639358172723304,0,,,
798,14.4,0.0003999999999999734,,,9.680906689163912,1,1.0,2067.8391345664504,-4.730767389791069
799,10.4,0.0007999999999999656,,,11.555149874259131,1,1.0,,
800,8.6,0.0005000000000000175,,,19.684969354474884,1,1.0,830.3973497705763,-269.3678139441395
801,5.5,0.00010000000000000246,,,10.339885633619327,1,2.0,,
802,5.5,0.0005999999999999899,,,11.261353389972204,1,2.0,5013.692834150635,-92.60989115675949
803,8.2,9.999999999996844e-05,,,10.776024072757956,0,,2953.4572178601843,-95.26142698746173
804,7.4,-0.0002999999999999652,,,13.063887962014203,0,,4467.117878700082,-130.96735440109998
805,10.1,1.8680803431925015e-18,,,9.358212335534333,0,,4638.9550757237985,-124.89070651469788
806,9.8,-0.0003000000000000174,,,17.789585448746546,0,,2840.912306827804,-219.93478622356702
807,15.2,0.0011000000000000083,,,7.297179204438402,0,,3711.518782849376,-64.62148919137962
808,13.7,0.00020000000000000448,,,9.560334722173698,0,,0.0,0.0
809,12.2,0.0005999999999999784,,,12.193471705537963,0,,461.00405211473185,-108.70545637551618
810,12.9,0.0009000000000000504,,,15.340315512392216,0,,1280.5117840673975,-130.12960949229034
811,12.0,0.0006000000000000016,,,4.921963876176229,0,,2637.637220609891,0.0
812,11.2,-0.0013000000000000088,,,9.016135926488232,0,,1626.179853214377,-1.6187566711138868
813,8.0,-0.0008000000000000004,,,8.057528011107728,0,,2448.292466176814,-3.485804562038729
814,10.2,-0.0011999999999999888,,,5.566340928046608,0,,1759.6010819246765,0.0
815,7.1,-0.00010000000000001059,,,5.3948410575102255,0,,389.77731851437557,0.0
816,6.6,9.999999999999014e-05,,,7.58668833587226,0,,1454.0524275394794,-2.8162745631566963
817,6.6,-0.0004000000000000091,,,8.14602204023674,0,,,
818,7.1,0.0009999999999999907,,,5.6676543004360385,0,,1098.7019638679067,0.0
819,6.8,-0.00030000000000000865,,,7.009737852764424,0,,1687.352817533148,-29.305115536207396
820,7.2,-0.00010000000000000896,,,7.441407938213212,0,,593.7301789395049,-18.925815967175797
821,7.2,0.00010000000000000164,,,11.406138698087098,0,,1291.7953822558734,-20.64992687458314
822,12.2,-0.0005999999999999946,,,,0,,0.0,0.0
823,11.4,-0.0011000000000000137,,,10.229104003774271,0,,992.0091508197403,-122.99452204852193
824,12.3,-0.0005000000000000002,,,1.0499462915447793,0,,1467.0749577158476,0.0
825,7.9,0.00020000000000000505,,,2.580089039100443,0,,1471.136293989091,-28.09476789901521
826,9.2,0.0004000000000000018,,,2.9274562336608896,0,,574.3207693598569,0.0
827,12.1,0.00040000000000000354,,,5.992577328984537,0,,1262.3723263077131,-64.24675622800466
828,17.3,0.0004000000000000039,,,3.1384709652950433,0,,1602.3942329630513,0.0
829,8.0,0.0006999999999999962,,,7.166323570764849,0,,1139.8354761188336,-312.2326286365335
830,11.7,0.00029999999999999775,,,6.8070603780169865,0,,0.0,0.0
831,10.1,0.0003000000000000048,,,13.234924686599317,0,,2545.459603193459,-297.29223901122845
832,11.5,-0.0005000000000000341,,,11.382818151288525,1,,2222.663551681871,-346.25037445197944
833,12.8,0.004199999999999992,,,8.750831543334716,1,,83.10008231674969,-548.8599131661783
834,12.8,0.0009999999999999926,,,15.779150084930118,1,,1276.226673492002,-429.4005174883829
835,13.7,0.0022999999999999913,,,25.696911971136906,1,,0.0,0.0
836,10.2,0.00040000000000001894,,,6.369656606700851,0,,1605.389188034456,0.0
837,11.2,0.0026000000000000172,,,13.437456151986765,0,,1018.7574544050701,-31.242156077760388
838,9.9,-0.0010000000000000026,,,15.432433379088343,0,,685.8957306151793,-72.09261269963838
839,10.1,0.003200000000000003,,,15.532871246450542,0,,675.4338643553681,-212.26097227956157
840,14.7,,,,,0,,0.0,0.0
841,16.3,0.002100000000000022,,,18.031314174313454,0,,144.2371508218858,-360.0738465745927
842,12.3,-0.002199999999999968,,,19.45134181889063,0,,331.6842780490811,-369.35716093177933
843,13.6,0.0008999999999999935,,,9.80668361732448,1,,2699.792220879918,0.0
844,8.6,0.00020000000000000584,,,8.781944807480453,1,,1884.998915412407,-19.335613130443463
845,13.6,0.0007999999999999928,,,7.062763401028997,1,0.0,1765.5161897332316,-45.45042009871544
846,12.4,-0.0017999999999999852,,,12.11194438380691,0,,760.0104384791199,-32.642768095924716
847,11.7,0.0012999999999999871,,,21.211191617767703,1,2.0,354.7545051741212,-92.05246856458814
848,14.5,0.0016999999999999828,,,16.52020635902713,1,1.0,1701.91178908737,-199.93339647921428
849,13.3,0.002400000000000024,,,13.763705811520596,0,,2135.814383006476,-213.7496949346449
850,13.6,-0.0013000000000000101,,,9.091754506144564,1,0.0,3851.7163878509496,0.0
851,16.8,0.0040999999999999995,,,12.126417442921879,1,3.0,2894.975601816553,-53.91028775017714
852,15.2,0.0024000000000000115,,,10.623473863106309,1,3.0,76.66315703755141,-15.449017462024106
853,16.1,-0.001700000000000014,,,11.063691137444811,1,3.0,2849.4393478287934,-15.046742110847617
854,11.8,0.0019000000000000583,,,20.48274214693196,1,3.0,45.57488472609155,-28.065552830580373
855,10.9,,,,13.460158395721043,1,3.0,51.44835820799869,-43.513323865080864
856,17.3,0.0035000000000000087,,,18.409780009549273,1,1.0,1371.8327627146914,-44.429024087587415
857,16.1,0.0037000000000000297,,,20.951313759287512,1,1.0,2085.4127242160475,-82.32200036436414
858,21.4,-0.002099999999999966,,,18.076645556150776,0,,3847.686077134944,0.0
859,16.2,0.0026000000000000034,,,16.182088863926065,0,,4554.895644899324,0.0
860,15.5,0.007200000000000046,,,16.749549159073155,1,,3772.95730152797,-18.69044218402346
861,15.4,0.012700000000000008,,,14.520240061108263,1,2.0,1504.3452309308075,-25.74879148225616
862,17.5,0.0022000000000000092,,,19.606771608781756,1,2.0,0.0,0.0
863,18.4,0.002100000000000002,,,19.0637215809383,1,2.0,0.0,0.0
864,16.6,0.007599999999999986,,,17.807021087200408,1,,1831.8765973798997,-22.926490916447587
865,14.1,0.04100000000000001,,,11.498260738042081,0,,0.0,0.0
866,12.8,,,,10.474268900708937,0,,260.7366790506239,-0.6545202927162371
867,12.5,0.0026999999999999702,,,12.411508447032846,0,,2757.8363286005356,-0.7152411036095787
868,14.0,0.005599999999999998,,,14.617307236868928,0,,2439.9097772411983,-6.435642394527036
869,15.0,0.004899999999999997,,,16.45908491083851,1,2.0,2613.0236701342983,-12.239881296489294
870,18.8,,,,20.97179844505732,1,3.0,2561.284424413906,-21.65244329050327
871,11.9,0.00019999999999998296,,,18.425289893079842,1,3.0,2519.6749234269623,-32.25227064348859
872,15.2,0.002099999999999999,,,7.877182237323193,0,,0.0,0.0
873,10.2,0.0004999999999999745,,,12.397682482288493,0,,2705.005630827866,0.0
874,10.2,,,,13.218238796302431,0,,1788.7923183916396,-5.057045016753717
875,11.7,,,,16.63228269066335,0,,0.0,0.0
876,12.8,,,,14.15103819032768,0,,2802.6405433522464,-11.797809979722743
877,13.0,0.04459999999999996,,,3.6412723198259305,0,,0.0,0.0
878,12.3,-0.00039999999999999476,,,17.26267650163207,0,,120.89145711100724,-79.35931894687002
879,11.1,0.0021000000000000103,,,10.722216688582057,0,,0.0,0.0
880,11.0,,,,10.535551588658317,0,,1953.706309478382,-10.79595171590487
881,9.9,0.0007999999999999971,,,9.381364506296512,1,0.0,0.07552835628050798,0.0
882,11.1,-9.999999999999816e-05,,,8.006214904640155,1,0.0,0.0,0.0
883,14.2,,,,13.949762222718869,1,0.0,-0.10507976745429916,-65.68552855537001
884,10.4,0.004100000000000001,,,5.926391401284788,1,0.0,-5.911419088458511,0.0
885,14.0,0.00019999999999997868,,,8.951236391237655,1,0.0,1279.8428320757953,-18.44711239924173
886,11.9,,,,7.3513518503432635,1,0.0,,
887,15.4,-0.00039999999999999693,,,7.558438992278762,1,2.0,0.0,0.0
888,17.4,,,,5.458179620158322,1,2.0,42.57596074315861,0.0
889,16.5,-0.00030000000000001586,,,8.831772188242338,1,2.0,747.9169421019504,-53.80419100458359
890,18.7,0.000999999999999976,,,20.289309483828916,0,,1675.236427836343,-91.66500429089398
891,4.3,0.0013999999999999993,,,6.792214241289811,0,,3896.4837191953343,0.0
892,3.9,0.004400000000000003,,,6.7082039324993685,0,,419.6608959622962,-110.7902625981612
893,8.8,0.0037000000000000106,,,10.688779163215974,1,0.0,205.99573338359326,-90.47518090140397
894,8.8,0.002700000000000006,,,6.939112659483737,1,0.0,2290.893193869997,-120.57843615490366
895,7.4,,,,11.757568769070359,1,0.0,1049.0996140029997,-101.7236497724908
896,3.8,0.0035999999999999747,,,16.475584883115108,0,,1957.0435889193957,-200.62057639715397
897,5.6,,,,8.02929109967055,0,,1859.8322731299322,-68.86879607249067
898,8.4,0.0034000000000000137,,,7.754918979444691,0,,1110.3594269985497,-100.9707254648967
899,9.8,0.0007999999999999972,,,6.9112201413935885,0,,1412.8303291329044,-88.91613540390293
900,12.4,0.0039000000000000033,,,10.68229907815284,0,,39.496870933136336,-158.50690581692155
901,12.7,0.0030000000000000057,,,10.725114459559993,0,,672.8706403909381,-183.17215607506247
